{
  "files": [
    {
      "filepath": "/Users/jinle/Repos/_InternalTools/Obsidian-Intelligence-Layer/bench/scale.bench.ts",
      "groups": [
        {
          "fullName": "bench/scale.bench.ts > Cold start",
          "benchmarks": [
            {
              "id": "1926611168_0_0",
              "name": "graph build",
              "rank": 1,
              "rme": 3.3384308774857208,
              "samples": [],
              "totalTime": 2147.677961,
              "min": 202.82645900000034,
              "max": 231.82029199999988,
              "hz": 4.656191562045834,
              "period": 214.7677961,
              "mean": 214.7677961,
              "variance": 100.47034579131811,
              "sd": 10.023489701262635,
              "sem": 3.169705755923065,
              "df": 9,
              "critical": 2.262,
              "moe": 7.169874419897973,
              "p75": 218.47904199999994,
              "p99": 231.82029199999988,
              "p995": 231.82029199999988,
              "p999": 231.82029199999988,
              "sampleCount": 10,
              "median": 211.74745899999994
            },
            {
              "id": "1926611168_0_1",
              "name": "fuse.js index build",
              "rank": 2,
              "rme": 0.24570781709999934,
              "samples": [],
              "totalTime": 2695.0793749999984,
              "min": 268.0292079999999,
              "max": 271.05733299999883,
              "hz": 3.7104658559453396,
              "period": 269.50793749999985,
              "mean": 269.50793749999985,
              "variance": 0.8570296891888238,
              "sd": 0.9257589800746325,
              "sem": 0.29275069413902743,
              "df": 9,
              "critical": 2.262,
              "moe": 0.6622020701424801,
              "p75": 270.13954099999955,
              "p99": 271.05733299999883,
              "p995": 271.05733299999883,
              "p999": 271.05733299999883,
              "sampleCount": 10,
              "median": 269.33618750000005
            }
          ]
        },
        {
          "fullName": "bench/scale.bench.ts > Lexical search",
          "benchmarks": [
            {
              "id": "1926611168_1_0",
              "name": "lexical: migration",
              "rank": 1,
              "rme": 0.968605342615517,
              "samples": [],
              "totalTime": 501.39112300000124,
              "min": 9.477833000000828,
              "max": 11.250749999999243,
              "hz": 97.72809639471794,
              "period": 10.23247189795921,
              "mean": 10.23247189795921,
              "variance": 0.11897453881560179,
              "sd": 0.3449268600958786,
              "sem": 0.04927526572798265,
              "df": 48,
              "critical": 2.0114,
              "moe": 0.0991122694852643,
              "p75": 10.42620800000077,
              "p99": 11.250749999999243,
              "p995": 11.250749999999243,
              "p999": 11.250749999999243,
              "sampleCount": 49,
              "median": 10.150958000000173
            },
            {
              "id": "1926611168_1_1",
              "name": "lexical: risk",
              "rank": 3,
              "rme": 0.9439708365014544,
              "samples": [],
              "totalTime": 502.9140039999893,
              "min": 10.6684580000001,
              "max": 12.532333000001017,
              "hz": 87.49010695673716,
              "period": 11.429863727272483,
              "mean": 11.429863727272483,
              "variance": 0.1258542549458253,
              "sd": 0.3547594324973267,
              "sem": 0.053481996746956674,
              "df": 43,
              "critical": 2.0174,
              "moe": 0.10789458023731038,
              "p75": 11.624166000001424,
              "p99": 12.532333000001017,
              "p995": 12.532333000001017,
              "p999": 12.532333000001017,
              "sampleCount": 44,
              "median": 11.404375500001152
            },
            {
              "id": "1926611168_1_2",
              "name": "lexical: copilot",
              "rank": 2,
              "rme": 0.8680788049835566,
              "samples": [],
              "totalTime": 500.18233399999735,
              "min": 10.173415999999634,
              "max": 11.354000000001179,
              "hz": 91.96646277395364,
              "period": 10.873528999999943,
              "mean": 10.873528999999943,
              "variance": 0.10094087617499178,
              "sd": 0.31771193898717714,
              "sem": 0.04684406977803473,
              "df": 45,
              "critical": 2.015,
              "moe": 0.09439080060273998,
              "p75": 11.167999999999665,
              "p99": 11.354000000001179,
              "p995": 11.354000000001179,
              "p999": 11.354000000001179,
              "sampleCount": 46,
              "median": 10.898771000000124
            }
          ]
        },
        {
          "fullName": "bench/scale.bench.ts > Fuzzy search",
          "benchmarks": [
            {
              "id": "1926611168_2_0",
              "name": "fuzzy: migration",
              "rank": 3,
              "rme": 0.38206528109410653,
              "samples": [],
              "totalTime": 3017.036791999999,
              "min": 299.5931249999994,
              "max": 304.4098749999994,
              "hz": 3.314510458247008,
              "period": 301.7036791999999,
              "mean": 301.7036791999999,
              "variance": 2.5968756866700935,
              "sd": 1.6114824500037515,
              "sem": 0.509595495140027,
              "df": 9,
              "critical": 2.262,
              "moe": 1.152705010006741,
              "p75": 302.8897079999988,
              "p99": 304.4098749999994,
              "p995": 304.4098749999994,
              "p999": 304.4098749999994,
              "sampleCount": 10,
              "median": 301.7042085000012
            },
            {
              "id": "1926611168_2_1",
              "name": "fuzzy: risk",
              "rank": 1,
              "rme": 0.7238633727772396,
              "samples": [],
              "totalTime": 1383.5916649999963,
              "min": 137.01195899999948,
              "max": 142.08208300000115,
              "hz": 7.227565945188046,
              "period": 138.35916649999962,
              "mean": 138.35916649999962,
              "variance": 1.9603963131220092,
              "sd": 1.4001415332465534,
              "sem": 0.4427636291659478,
              "df": 9,
              "critical": 2.262,
              "moe": 1.0015313291733738,
              "p75": 138.3649579999983,
              "p99": 142.08208300000115,
              "p995": 142.08208300000115,
              "p999": 142.08208300000115,
              "sampleCount": 10,
              "median": 138.171875
            },
            {
              "id": "1926611168_2_2",
              "name": "fuzzy: copilot",
              "rank": 2,
              "rme": 4.442969425591091,
              "samples": [],
              "totalTime": 2146.5493739999947,
              "min": 207.79675000000134,
              "max": 251.95758299999943,
              "hz": 4.6586396386333595,
              "period": 214.65493739999948,
              "mean": 214.65493739999948,
              "variance": 177.76375391253578,
              "sd": 13.332807428015142,
              "sem": 4.216203907693931,
              "df": 9,
              "critical": 2.262,
              "moe": 9.537053239203672,
              "p75": 213.36020800000188,
              "p99": 251.95758299999943,
              "p995": 251.95758299999943,
              "p999": 251.95758299999943,
              "sampleCount": 10,
              "median": 209.9952505000001
            }
          ]
        },
        {
          "fullName": "bench/scale.bench.ts > Cascade search (lexical→fuzzy)",